{
  "dataset": "dataset/tracking/20260116_165920",
  "frames_analyzed": 126,
  "valid_frames": 122,
  "position_ranges": {
    "x_min": -1.2362097030921846,
    "x_max": 0.9947644321590488,
    "y_min": -0.6177570180499861,
    "y_max": 1.4362894296646118,
    "z_min": 0.0,
    "z_max": 3.3382850226429257
  }
}