{
  "dataset": "dataset/tracking/20260116_165920",
  "frames_analyzed": 126,
  "valid_frames": 122,
  "position_ranges": {
    "x_min": -58955.666050111824,
    "x_max": 22545.335628185305,
    "y_min": -2535.352965575325,
    "y_max": 1494.5492900498057,
    "z_min": -60646.86562696505,
    "z_max": 3010.369317314457
  }
}